model,test_miou,test_rmse
noskip,0.6707268677439427,0.04186376589276488
residual,0.7425379377871417,0.03129573905515292
vanilla,0.6671354844580013,0.032239531654687154
