{
  "train_loss": [
    0.7989091759095928,
    0.4500459421254351,
    0.3785400321345052,
    0.33333325409937,
    0.3363336132977434,
    0.31040871394182257,
    0.2880641851044131,
    0.2819266337789371,
    0.26899018650781176,
    0.2702793984828827,
    0.25415856509146567,
    0.23594342515559377,
    0.25246762661991234,
    0.23625233621599678,
    0.2304929025725038,
    0.22595740624802385,
    0.20517736043265922,
    0.2031754875977436,
    0.22851453207896086,
    0.19481919838753875,
    0.19929198430989215,
    0.20407461510870403,
    0.1921336066448139,
    0.19715711662549534,
    0.18533277426489847,
    0.18766776164751015,
    0.16439689895910825,
    0.18909069835273679,
    0.18261390360807608,
    0.1743805942261864,
    0.16717996679709288,
    0.17861234992443917,
    0.17005182624997978,
    0.1596161628026284,
    0.16150708669770455,
    0.1742969468564452,
    0.16398476689815045,
    0.16049731355571079,
    0.15776156259323648,
    0.1573329046368599,
    0.18453695401101408,
    0.15278836648784325,
    0.1560578001644425,
    0.14713318624304147,
    0.1509786481877606,
    0.14269194772134802,
    0.16118822847763617,
    0.1465302239170294,
    0.15736620537264792,
    0.15281434596062662
  ],
  "val_loss": [
    0.9251529766074361,
    0.530555247735347,
    0.8415812747840183,
    0.6569277128196498,
    0.7151728198916901,
    0.4426175246450082,
    0.4346624519593915,
    0.5775870848857358,
    0.3808765973288582,
    0.4635601326790413,
    0.4651866890818275,
    0.4664108909600894,
    0.3708686215007095,
    0.39928066443307286,
    0.4659566876154377,
    0.32969416477737973,
    0.39223926800758563,
    0.33863686154789335,
    0.46307942786126804,
    0.3591558345211957,
    0.4487918188368762,
    0.43117516681793994,
    0.39272574579655006,
    0.38283985696880696,
    0.3948956213333533,
    0.3505987694183373,
    0.32179259701677093,
    0.2974150468583018,
    0.4309226768501595,
    0.30777991114446834,
    0.3951573798398073,
    0.379087186955933,
    0.3232833758029381,
    0.3337903437635447,
    0.42460523834575115,
    0.39974702605034024,
    0.416062211289608,
    0.49918533881125143,
    0.33672777581385577,
    0.39359471576066796,
    0.35098862696525185,
    0.3580359709059352,
    0.5196843525796866,
    0.41664299217569706,
    0.349971015018612,
    0.4132228606013327,
    0.36792049929089354,
    0.4568773369758189,
    0.45098863861683575,
    0.2752427694834933
  ],
  "train_acc": [
    0.7274549098196392,
    0.8479458917835672,
    0.8689879759519038,
    0.8822645290581163,
    0.8777555110220441,
    0.8917835671342685,
    0.8945390781563126,
    0.9020541082164328,
    0.9028056112224448,
    0.9018036072144289,
    0.905060120240481,
    0.9153306613226453,
    0.906813627254509,
    0.9198396793587175,
    0.9188376753507014,
    0.9195891783567134,
    0.9253507014028056,
    0.9235971943887775,
    0.9155811623246493,
    0.9268537074148296,
    0.9253507014028056,
    0.9253507014028056,
    0.9283567134268537,
    0.9286072144288577,
    0.9316132264529058,
    0.9273547094188377,
    0.9418837675350702,
    0.9311122244488977,
    0.9301102204408818,
    0.935871743486974,
    0.9363727454909819,
    0.9348697394789579,
    0.9363727454909819,
    0.9386272545090181,
    0.9423847695390781,
    0.936122244488978,
    0.9436372745490982,
    0.9416332665330661,
    0.937625250501002,
    0.9413827655310621,
    0.9296092184368737,
    0.9416332665330661,
    0.9406312625250501,
    0.9441382765531062,
    0.9438877755511023,
    0.9476452905811623,
    0.9423847695390781,
    0.9468937875751503,
    0.9438877755511023,
    0.9423847695390781
  ],
  "val_acc": [
    0.6596916299559471,
    0.8138766519823789,
    0.7202643171806168,
    0.7775330396475771,
    0.7797356828193832,
    0.8392070484581498,
    0.8535242290748899,
    0.7731277533039648,
    0.8524229074889867,
    0.8447136563876652,
    0.8337004405286343,
    0.829295154185022,
    0.8700440528634361,
    0.8612334801762115,
    0.8359030837004405,
    0.8799559471365639,
    0.8744493392070485,
    0.8755506607929515,
    0.8370044052863436,
    0.8777533039647577,
    0.8480176211453745,
    0.8623348017621145,
    0.8535242290748899,
    0.8601321585903083,
    0.8843612334801763,
    0.8788546255506607,
    0.8832599118942731,
    0.8942731277533039,
    0.8601321585903083,
    0.8887665198237885,
    0.8623348017621145,
    0.8799559471365639,
    0.8964757709251101,
    0.8744493392070485,
    0.8579295154185022,
    0.8491189427312775,
    0.8755506607929515,
    0.8325991189427313,
    0.8931718061674009,
    0.8568281938325991,
    0.8854625550660793,
    0.8755506607929515,
    0.8325991189427313,
    0.8590308370044053,
    0.8876651982378855,
    0.8480176211453745,
    0.8777533039647577,
    0.8623348017621145,
    0.8645374449339207,
    0.9041850220264317
  ]
}