{
  "test_accuracy": 0.9164733178654292,
  "permutation_changed_pct": 0.0,
  "sparse_critical_accuracy": 0.919953596287703
}